datetime,close,fast_ema,slow_ema,signal,buy_signal,sell_signal
2025-02-06 12:12:00,127.74,127.65700815423968,127.51002408222897,1,127.74,
2025-02-06 12:13:00,127.89,127.69937030801427,127.53453865756904,1,,
2025-02-06 12:14:00,127.8456,127.72595752473894,127.55460713127427,1,,
2025-02-06 12:15:00,127.88,127.75396524751368,127.57560021957916,1,,
2025-02-06 12:16:00,127.985,127.79597156614754,127.60201310863857,1,,
2025-02-06 12:17:00,128.0399,127.84032219048436,127.63026387582319,1,,
2025-02-06 12:18:00,128.135,127.89389997403265,127.66282749673783,1,,
2025-02-06 12:19:00,128.18,127.94591816057216,127.69619346469024,1,,
2025-02-06 12:20:00,128.22,127.9957512222863,127.72998743471022,1,,
2025-02-06 12:21:00,128.205,128.03379645459788,127.76063340666441,1,,
2025-02-06 12:22:00,128.215,128.0667425537619,127.789947380428,1,,
2025-02-06 12:23:00,128.13,128.07824390762337,127.81188625911007,1,,
2025-02-06 12:24:00,128.035,128.07038137896456,127.8262806940062,1,,
2025-02-06 12:25:00,128.0552,128.06762112824373,127.84104968148968,1,,
2025-02-06 12:26:00,128.06,128.06623546856304,127.85517550849036,1,,
2025-02-06 12:27:00,128.09,128.07055629246065,127.87032547568454,1,,
2025-02-06 12:28:00,128.1901,128.09229151201325,127.89095609015651,1,,
2025-02-06 12:29:00,128.125,128.098238509829,127.90605569724319,1,,
2025-02-06 12:30:00,128.265,128.12855878076917,127.92921339419526,1,,
2025-02-06 12:31:00,128.295,128.1588208206293,127.95281253005363,1,,
2025-02-06 12:32:00,128.3401,128.19178067142397,127.97779881843728,1,,
2025-02-06 12:33:00,128.34,128.21872964025596,128.00116663660262,1,,
2025-02-06 12:34:00,128.33,128.23896061475486,128.0223816923057,1,,
2025-02-06 12:35:00,128.2952,128.2491859575267,128.03998287344726,1,,
2025-02-06 12:36:00,128.225,128.24478851070364,128.05191946225713,1,,
2025-02-06 12:37:00,128.1883,128.2345178723939,128.06071820662766,1,,
2025-02-06 12:38:00,128.24,128.23551462286773,128.07228477394202,1,,
2025-02-06 12:39:00,128.255,128.23905741870996,128.08407285304253,1,,
2025-02-06 12:40:00,128.2088,128.2335560698536,128.09211976574946,1,,
2025-02-06 12:41:00,128.1614,128.22043678442566,128.09658945828176,1,,
2025-02-06 12:42:00,127.935,128.16853918725735,128.086164331941,1,,
2025-02-06 12:43:00,128.035,128.14425933502872,128.08286340729967,1,,
2025-02-06 12:44:00,128.195,128.15348491047803,128.09009802618357,1,,
2025-02-06 12:45:00,128.2044,128.162742199482,128.09747234707496,1,,
2025-02-06 12:46:00,128.225,128.17406179957618,128.10569993758625,1,,
2025-02-06 12:47:00,128.138,128.16750510874414,128.1077838125807,1,,
2025-02-06 12:48:00,128.195,128.17250417988154,128.11341066338196,1,,
2025-02-06 12:49:00,128.2299,128.18293978353944,128.1209261044541,1,,
2025-02-06 12:50:00,128.215,128.188768913805,128.12699538803773,1,,
2025-02-06 12:51:00,128.11,128.1744472931132,128.12589891139015,1,,
2025-02-06 12:52:00,128.1647,128.1726750580017,128.1284022074295,1,,
2025-02-06 12:53:00,128.385,128.21127959291044,128.1449569037244,1,,
2025-02-06 12:54:00,128.63,128.28741057601763,128.17625000670992,1,,
2025-02-06 12:55:00,128.605,128.34515410765079,128.2039112965996,1,,
2025-02-06 12:56:00,128.495,128.37239881535064,128.22269121294804,1,,
2025-02-06 12:57:00,128.667,128.42596266710507,128.25135629598364,1,,
2025-02-06 12:58:00,128.6444,128.46567854581323,128.27671395430727,1,,
2025-02-06 12:59:00,128.685,128.50555517384717,128.30305498951327,1,,
2025-02-06 13:00:00,128.6701,128.53547241496585,128.3267353127705,1,,
2025-02-06 13:01:00,128.5115,128.53111379406297,128.3386556151724,1,,
2025-02-06 13:02:00,128.29,128.48727492241514,128.3355165432258,1,,
2025-02-06 13:03:00,128.25,128.44413402743055,128.32999934688866,1,,
2025-02-06 13:04:00,128.44,128.44338238607952,128.33709616321843,1,,
2025-02-06 13:05:00,128.48,128.45004013406503,128.34631576559144,1,,
2025-02-06 13:06:00,128.53,128.46457829150773,128.35816636135974,1,,
2025-02-06 13:07:00,128.62,128.49283678396085,128.37505885417525,1,,
2025-02-06 13:08:00,128.56,128.50504827778616,128.38699054100266,1,,
2025-02-06 13:09:00,128.56,128.51503950000685,128.39815244158314,1,,
2025-02-06 13:10:00,128.44,128.50139595455104,128.40085228406164,1,,
2025-02-06 13:11:00,128.53,128.5065966900872,128.40918439476735,1,,
2025-02-06 13:12:00,128.55,128.51448820098045,128.4182692725243,1,,
2025-02-06 13:13:00,128.53,128.5173085280749,128.425477706555,1,,
2025-02-06 13:14:00,128.4598,128.50685243206127,128.4276920480676,1,,
2025-02-06 13:15:00,128.46,128.49833380805012,128.42977643206325,1,,
2025-02-06 13:16:00,128.47,128.49318220658645,128.4323715009624,1,,
2025-02-06 13:17:00,128.4,128.4762399872071,128.43028301702935,1,,
2025-02-06 13:18:00,128.4109,128.46435998953308,128.42903249980165,1,,
2025-02-06 13:19:00,128.57,128.48356726416344,128.4381271772338,1,,
2025-02-06 13:20:00,128.56,128.49746412522464,128.44598993999293,1,,
2025-02-06 13:21:00,128.6005,128.51619792063835,128.45595833096112,1,,
2025-02-06 13:22:00,128.65,128.54052557143137,128.46847714831847,1,,
2025-02-06 13:23:00,128.7,128.56952092208022,128.4834141064915,1,,
2025-02-06 13:24:00,128.71,128.59506257261108,128.498032551234,1,,
2025-02-06 13:25:00,128.72,128.61777846849998,128.51235303179953,1,,
2025-02-06 13:26:00,128.7007,128.6328551105909,128.5245044491028,1,,
2025-02-06 13:27:00,128.74,128.65233599957438,128.53840738787036,1,,
2025-02-06 13:28:00,128.8,128.67918399965174,128.55528433058842,1,,
2025-02-06 13:29:00,128.86,128.7120596360787,128.57494340603435,1,,
2025-02-06 13:30:00,128.92,128.7498669749735,128.59720512177407,1,,
2025-02-06 13:31:00,128.9683,128.78958207043286,128.6211467268209,1,,
2025-02-06 13:32:00,128.97,128.82238533035414,128.64365338960667,1,,
2025-02-06 13:33:00,129.15,128.8819516339261,128.67632091285788,1,,
2025-02-06 13:34:00,129.22,128.94341497321224,128.7113969829961,1,,
2025-02-06 13:35:00,129.3502,129.01737588717364,128.7526100808673,1,,
2025-02-06 13:36:00,129.2501,129.05968936223297,128.78470620468232,1,,
2025-02-06 13:37:00,129.29,129.10156402364515,128.81730580438023,1,,
2025-02-06 13:38:00,129.21,129.12127965570966,128.84264091377506,1,,
2025-02-06 13:39:00,129.13,129.12286517285335,128.86118020966055,1,,
2025-02-06 13:40:00,129.03,129.10598059597092,128.8720718090373,1,,
2025-02-06 13:41:00,128.9415,129.0760750330671,128.87655104716393,1,,
2025-02-06 13:42:00,129.0,129.06224320887307,128.884515495734,1,,
2025-02-06 13:43:00,128.93,129.03819898907796,128.88744997988022,1,,
2025-02-06 13:44:00,128.89,129.0112537183365,128.8876144973073,1,,
2025-02-06 13:45:00,128.86,128.9837530422753,128.88583291683588,1,,
2025-02-06 13:46:00,128.88,128.96488885277068,128.88545659962068,1,,
2025-02-06 13:47:00,128.76,128.9276363340851,128.8773626254516,1,,
2025-02-06 13:48:00,128.64,128.87533881879688,128.86204890768056,1,,
2025-02-06 13:49:00,128.5814,128.82189539719744,128.84394252653988,-1,,128.5814
2025-02-06 13:50:00,128.68,128.79609623407063,128.83336558934377,-1,,
2025-02-06 13:51:00,128.65,128.76953328242143,128.8215355513216,-1,,
2025-02-06 13:52:00,128.58,128.73507268561752,128.80595261252665,-1,,
2025-02-06 13:53:00,128.45,128.68324128823252,128.78298792784753,-1,,
2025-02-06 13:54:00,128.53,128.6553792358266,128.76666612605092,-1,,
2025-02-06 13:55:00,128.34,128.59803755658538,128.73913927920893,-1,,
2025-02-06 13:56:00,128.3305,128.54939436447893,128.71277545474385,-1,,
2025-02-06 13:57:00,128.4099,128.52403175275546,128.6932351028249,-1,,
2025-02-06 13:58:00,128.47,128.514207797709,128.67883283812654,-1,,
2025-02-06 13:59:00,128.61,128.5316245617619,128.67439200986033,-1,,
2025-02-06 14:00:00,128.4812,128.52245645962336,128.66192800922417,-1,,
2025-02-06 14:01:00,128.4992,128.5182280124191,128.6514294279839,-1,,
2025-02-06 14:02:00,128.53,128.52036837379742,128.6435952713398,-1,,
2025-02-06 14:03:00,128.53,128.52211957856153,128.63626654415657,-1,,
2025-02-06 14:04:00,128.47,128.51264329155032,128.62553967034003,-1,,
2025-02-06 14:05:00,128.3485,128.48279905672297,128.60766614322134,-1,,
2025-02-06 14:06:00,128.21,128.4331992282279,128.58201026301353,-1,,
2025-02-06 14:07:00,128.11,128.37443573218644,128.5515579879804,-1,,
2025-02-06 14:08:00,127.9509,128.29742923542526,128.5128058597236,-1,,
2025-02-06 14:09:00,127.8005,128.20707846534793,128.46685064296727,-1,,
2025-02-06 14:10:00,127.62,128.10033692619376,128.41221511761455,-1,,
2025-02-06 14:11:00,127.22,127.9402756668858,128.33529801325233,-1,,
2025-02-06 14:12:00,126.82,127.73658918199746,128.23753685110702,-1,,
2025-02-06 14:13:00,126.5015,127.51202751254337,128.12553447361626,-1,,
2025-02-06 14:14:00,126.9872,127.41660432844458,128.05209353983457,-1,,
2025-02-06 14:15:00,127.5,127.43176717781829,128.01647460178074,-1,,
2025-02-06 14:16:00,127.3899,127.4241549636695,127.97605043392393,-1,,
2025-02-06 14:17:00,127.05,127.35612678845685,127.91630524463852,-1,,
2025-02-06 14:18:00,127.12,127.31319464510105,127.86493071272636,-1,,
2025-02-06 14:19:00,127.05,127.26534107326448,127.81235453771177,-1,,
2025-02-06 14:20:00,127.1,127.23527905994366,127.76639618044005,-1,,
2025-02-06 14:21:00,127.11,127.2125010490448,127.72404803976652,-1,,
2025-02-06 14:22:00,127.0312,127.17953722194574,127.67934816623321,-1,,
2025-02-06 14:23:00,128.7608,127.46703954522832,127.74911925228268,-1,,
2025-02-06 14:24:00,128.5803,127.66945053700498,127.80274381665156,-1,,
2025-02-06 14:25:00,127.77,127.68773225754953,127.80063131235147,-1,,
2025-02-06 14:26:00,127.44,127.64269002890416,127.77736477607074,-1,,
2025-02-06 14:27:00,127.74,127.66038275092157,127.7749541453565,-1,,
2025-02-06 14:28:00,128.0705,127.73494952348128,127.79402161984963,-1,,
2025-02-06 14:29:00,128.12,127.80495870103013,127.81505248308514,-1,,
2025-02-06 14:30:00,128.02,127.84405711902465,127.82827490353127,1,128.02,
2025-02-06 14:31:00,128.16,127.90150127920198,127.84967652265829,1,,
2025-02-06 14:32:00,128.21,127.95759195571071,127.87292319861582,1,,
2025-02-06 14:33:00,128.6,128.07439341830874,127.9198313793503,1,,
2025-02-06 14:34:00,128.44,128.1408673422526,127.95339064519867,1,,
2025-02-06 14:35:00,128.5196,128.20972782547938,127.98992028099231,1,,
2025-02-06 14:36:00,128.4425,128.25205003902857,128.0191189725412,1,,
2025-02-06 14:37:00,128.25,128.25167730465975,128.03401452269983,1,,
2025-02-06 14:38:00,128.11,128.2259177947216,128.03891681155793,1,,
2025-02-06 14:39:00,128.38,128.25393274113583,128.0609221785542,1,,
2025-02-06 14:40:00,128.28,128.25867224274748,128.0750562315507,1,,
2025-02-06 14:41:00,128.14,128.23709547133882,128.0792461520958,1,,
2025-02-06 14:42:00,128.18,128.22671447654994,128.0857464003477,1,,
2025-02-06 14:43:00,128.01,128.18731184444994,128.08085953580914,1,,
2025-02-06 14:44:00,128.05,128.16234605454994,128.078868598015,1,,
2025-02-06 14:45:00,128.15,128.16010131735905,128.08345772072371,1,,
2025-02-06 14:46:00,128.12,128.1528101687483,128.08581528712864,1,,
2025-02-06 14:47:00,128.15,128.15229922897586,128.08995623634615,1,,
2025-02-06 14:48:00,127.98,128.1209720964348,128.08286228561414,1,,
2025-02-06 14:49:00,127.8706,128.075449897083,128.0691679446068,1,,
2025-02-06 14:50:00,127.8001,128.02538627943153,128.0518087223741,-1,,127.8001
2025-02-06 14:51:00,127.9483,128.01137059226215,128.04513074028546,-1,,
2025-02-06 14:52:00,128.0,128.00930321185083,128.0422190796219,-1,,
2025-02-06 14:53:00,128.03,128.0130662642416,128.04143075190436,-1,,
2025-02-06 14:54:00,128.0301,128.01616330710675,128.04069973565248,-1,,
2025-02-06 14:55:00,128.01,128.0150427058146,128.0387191075459,-1,,
2025-02-06 14:56:00,128.01,128.01412585021194,128.03686626189779,-1,,
2025-02-06 14:57:00,128.0901,128.02793933199158,128.04030069661405,-1,,
2025-02-06 14:58:00,128.05,128.03195036253857,128.04092645812284,-1,,
2025-02-06 14:59:00,128.01,128.02795938753155,128.0389312027601,-1,,
2025-02-06 15:00:00,128.1488,128.04993040798036,128.04601951225945,1,128.1488,
2025-02-06 15:01:00,128.1601,128.06996124289302,128.0533795437266,1,,
2025-02-06 15:02:00,128.18,128.08996828963973,128.06154860542168,1,,
2025-02-06 15:03:00,128.25,128.11906496425067,128.0737067599106,1,,
2025-02-06 15:04:00,128.15,128.12468951620508,128.07862890443252,1,,
2025-02-06 15:05:00,128.21,128.1402005132587,128.08710445898527,1,,
2025-02-06 15:06:00,128.2,128.15107314721163,128.09438804227653,1,,
2025-02-06 15:07:00,128.17,128.15451439317314,128.0992662330974,1,,
2025-02-06 15:08:00,128.1506,128.15380268532348,128.10257808902662,1,,
2025-02-06 15:09:00,128.15,128.15311128799195,128.10563756715396,1,,
2025-02-06 15:10:00,128.18,128.1580001447207,128.11043514346662,1,,
2025-02-06 15:11:00,128.23,128.17109102749873,128.11814900517845,1,,
2025-02-06 15:12:00,128.3,128.19452902249895,128.129881327425,1,,
2025-02-06 15:13:00,128.31,128.21552374568097,128.14150188694597,1,,
2025-02-06 15:14:00,128.26,128.22361033737533,128.14914692649785,1,,
2025-02-06 15:15:00,128.3,128.23749936694347,128.15887938285283,1,,
2025-02-06 15:16:00,128.22,128.23431766386284,128.16282264847524,1,,
2025-02-06 15:17:00,128.198,128.2277144522514,128.16509215502523,1,,
2025-02-06 15:18:00,128.1,128.20449364275115,128.16089266115264,1,,
2025-02-06 15:19:00,128.08,128.1818584349782,128.15567377978795,1,,
2025-02-06 15:20:00,128.08,128.16333871952762,128.15079160044678,1,,
2025-02-06 15:21:00,128.0893,128.14987713415894,128.14682440041796,1,,
2025-02-06 15:22:00,128.01,128.12444492794822,128.13799701974582,-1,,128.01
2025-02-06 15:23:00,128.0799,128.11634585013945,128.1342488249235,-1,,
2025-02-06 15:24:00,128.0,128.095192059205,128.1255876104123,-1,,
2025-02-06 15:25:00,128.0299,128.0833207757132,128.11941421619215,-1,,
2025-02-06 15:26:00,128.0301,128.07364427103806,128.11365200869588,-1,,
2025-02-06 15:27:00,128.02,128.06389076721294,128.10760994361874,-1,,
2025-02-06 15:28:00,128.01,128.0540924459015,128.1013125279014,-1,,
2025-02-06 15:29:00,128.01,128.04607563755576,128.09542139706906,-1,,
2025-02-06 15:30:00,128.03,128.04315279436378,128.09120066177428,-1,,
2025-02-06 15:31:00,127.98,128.0316704681158,128.0840264255308,-1,,
2025-02-06 15:32:00,127.96,128.0186394739129,128.07602472065784,-1,,
2025-02-06 15:33:00,127.93,128.00252320592872,128.066603770938,-1,,
2025-02-06 15:34:00,127.92,127.98751898666896,128.05714546313556,-1,,
2025-02-06 15:35:00,127.88,127.96797008000186,128.0457167235784,-1,,
2025-02-06 15:36:00,127.8488,127.94630279272879,128.03301241883142,-1,,
2025-02-06 15:37:00,127.78,127.91606592132355,128.01668903697134,-1,,
2025-02-06 15:38:00,127.78,127.89132666290108,128.00141877652158,-1,,
2025-02-06 15:39:00,127.86,127.88563090600996,127.99229498448793,-1,,
2025-02-06 15:40:00,127.8018,127.87038892309906,127.9800049854887,-1,,
2025-02-06 15:41:00,127.87,127.87031820980832,127.97290788965073,-1,,
2025-02-06 15:42:00,127.9099,127.87751489893407,127.96884286451197,-1,,
2025-02-06 15:43:00,127.98,127.89614855367331,127.96956267970475,-1,,
2025-02-06 15:44:00,128.0,127.91503063482361,127.97152637778834,-1,,
2025-02-06 15:45:00,128.08,127.94502506485568,127.97852467599554,-1,,
2025-02-06 15:46:00,128.01,127.95683868942737,127.98055534206034,-1,,
2025-02-06 15:47:00,128.0298,127.97010438225875,127.98373241676613,-1,,
2025-02-06 15:48:00,127.95,127.96644904002989,127.98155613181348,-1,,
2025-02-06 15:49:00,127.8207,127.9399492145699,127.97117831685777,-1,,
2025-02-06 15:50:00,127.7491,127.90524935737538,127.95685068351212,-1,,
2025-02-06 15:51:00,127.81,127.88793129239802,127.94737644586618,-1,,
2025-02-06 15:52:00,127.84,127.87921651196201,127.94044893322966,-1,,
2025-02-06 15:53:00,127.88,127.87935896433255,127.93654900205357,-1,,
2025-02-06 15:54:00,127.83,127.87038460718117,127.92967487288882,-1,,
2025-02-06 15:55:00,127.8564,127.86784195133004,127.92494746173472,-1,,
2025-02-06 15:56:00,127.9596,127.88452523290638,127.92718310936475,-1,,
2025-02-06 15:57:00,127.94,127.89461155419613,127.92801000553477,-1,,
2025-02-06 15:58:00,127.9798,127.9101003625241,127.93135129550028,-1,,
2025-02-06 15:59:00,128.0,127.92644575115608,127.93578024417769,-1,,
2025-02-06 16:00:00,128.0299,127.94525561458225,127.94185248648883,1,128.0299,
2025-02-06 16:01:00,128.09,127.9715727755673,127.95141039058633,1,,
2025-02-06 16:02:00,128.04,127.98401408910051,127.95712584925819,1,,
2025-02-06 16:03:00,128.03,127.9923751638095,127.96182740737058,1,,
2025-02-06 16:04:00,127.95,127.9846705885714,127.96106434883055,1,,
2025-02-06 16:05:00,127.99,127.9856395724675,127.96293116503503,1,,
2025-02-06 16:06:00,127.98,127.98461419565523,127.96403238019406,1,,
2025-02-06 16:07:00,127.964,127.98086616008155,127.96403029114929,1,,
2025-02-06 16:08:00,127.9296,127.9715450400667,127.9618089820429,1,,
2025-02-06 16:09:00,127.94,127.96580957823639,127.96040195094336,1,,
2025-02-06 16:10:00,127.86,127.9465714731025,127.95392440572122,-1,,127.86
2025-02-06 16:11:00,127.89,127.93628575072022,127.9498002505134,-1,,
2025-02-06 16:12:00,127.9105,127.93159743240744,127.94726475048029,-1,,
2025-02-06 16:13:00,127.92,127.92948880833336,127.94550573432028,-1,,
2025-02-06 16:14:00,127.9498,127.93318175227274,127.94578278371897,-1,,
2025-02-06 16:15:00,127.85,127.91805779731406,127.9396032492855,-1,,
2025-02-06 16:16:00,127.85,127.90568365234786,127.93382239449289,-1,,
2025-02-06 16:17:00,127.86,127.89737753373916,127.92905965936433,-1,,
2025-02-06 16:18:00,127.86,127.89058161851385,127.92460419746986,-1,,
2025-02-06 16:19:00,127.9,127.89229405151131,127.92301682989117,-1,,
2025-02-06 16:20:00,127.9301,127.89916786032744,127.92347380860787,-1,,
2025-02-06 16:21:00,127.92,127.90295552208609,127.92324969192349,-1,,
2025-02-06 16:22:00,127.99,127.9187817907977,127.92755616341229,-1,,
2025-02-06 16:23:00,127.9999,127.9335305561072,127.93222350770829,1,127.9999,
2025-02-06 16:24:00,127.9892,127.94365227317861,127.93589941043679,1,,
2025-02-06 16:25:00,127.97,127.94844276896431,127.93809944847312,1,,
2025-02-06 16:26:00,127.96,127.95054408369806,127.93951238728131,1,,
2025-02-06 16:27:00,127.99,127.95771788666204,127.942769652618,1,,
2025-02-06 16:28:00,127.961,127.95831463454165,127.94394580406201,1,,
2025-02-06 16:29:00,127.99,127.96407561007952,127.94691704250963,1,,
2025-02-06 16:30:00,127.98,127.96697095370142,127.94905142686385,1,,
2025-02-06 16:31:00,127.9994,127.9728671439375,127.9522997219049,1,,
2025-02-06 16:32:00,127.9995,127.97770948140341,127.95534490113684,1,,
2025-02-06 16:33:00,127.9501,127.97268957569369,127.95500652041834,1,,
2025-02-06 16:34:00,127.9802,127.97405510738574,127.9566319061978,1,,
2025-02-06 16:35:00,127.99,127.97695417877014,127.95878468644311,1,,
2025-02-06 16:36:00,128.0,127.98114432808467,127.96144373893065,1,,
2025-02-06 16:37:00,127.98,127.9809362684329,127.96264091706416,1,,
2025-02-06 16:38:00,128.0201,127.98805694689963,127.96634795467294,1,,
2025-02-06 16:39:00,128.02,127.99386477473605,127.96980937695211,1,,
2025-02-06 16:40:00,128.02,127.99861663387495,127.97304748166489,1,,
2025-02-06 16:41:00,127.98,127.99523179135221,127.9734960312349,1,,
2025-02-06 16:42:00,128.02,127.99973510201544,127.97649628728428,1,,
2025-02-06 16:43:00,128.07,128.01251053801263,127.98252878487885,1,,
2025-02-06 16:44:00,128.09,128.02659953110123,127.98946241166087,1,,
2025-02-06 16:45:00,128.06,128.03267234362826,127.99401322381179,1,,
2025-02-06 16:46:00,128.03,128.03218646296855,127.99633495130782,1,,
2025-02-06 16:47:00,128.06,128.03724346970154,128.00044237380408,1,,
2025-02-06 16:48:00,128.0903,128.046890111574,128.00623964001028,1,,
2025-02-06 16:49:00,128.12,128.06018281856052,128.01357901807415,1,,
2025-02-06 16:50:00,128.14,128.07469503336768,128.02173521045648,1,,
2025-02-06 16:51:00,128.1302,128.08478684548263,128.02873293881413,1,,
2025-02-06 16:52:00,128.14,128.09482560084942,128.03591145889064,1,,
2025-02-06 16:53:00,128.15,128.10485730978587,128.04327200992995,1,,
2025-02-06 16:54:00,128.18,128.11851961709752,128.05209317057964,1,,
2025-02-06 16:55:00,128.17,128.12787968671614,128.05970006280032,1,,
2025-02-06 16:56:00,128.13,128.1282651982223,128.06423554261966,1,,
2025-02-06 16:57:00,128.13,128.1285806167273,128.06847841083777,1,,
2025-02-06 16:58:00,128.14,128.13065686823143,128.07309270691277,1,,
2025-02-06 16:59:00,128.12,128.1287192558257,128.07611898388615,1,,
2025-02-07 01:00:00,128.87,128.2634975729483,128.12733711395802,1,,
2025-02-07 01:01:00,128.96,128.3901343778668,128.1810573001543,1,,
2025-02-07 01:02:00,128.98,128.4973826728001,128.23260199046692,1,,
2025-02-07 01:03:00,128.95,128.57967673229098,128.27888573301746,1,,
2025-02-07 01:04:00,128.93,128.64337187187442,128.32089310508087,1,,
2025-02-07 01:05:00,129.01,128.71003153153362,128.3653516144305,1,,
2025-02-07 01:06:00,128.99,128.76093488943658,128.40565151027369,1,,
2025-02-07 01:07:00,128.97,128.79894672772082,128.44206109025603,1,,
2025-02-07 01:08:00,128.89,128.81550186813521,128.47096037475566,1,,
2025-02-07 01:09:00,128.84,128.8199560739288,128.49476938283595,1,,
2025-02-07 01:10:00,128.78,128.81269133321447,128.51317135813687,1,,
2025-02-07 01:11:00,128.71,128.79402018172092,128.52586998019257,1,,
2025-02-07 01:12:00,128.75,128.7860165123171,128.54032998147048,1,,
2025-02-07 01:13:00,128.79,128.78674078280488,128.5564377246014,1,,
2025-02-07 01:14:00,128.74,128.77824245865855,128.56828045204648,1,,
2025-02-07 01:15:00,128.7,128.76401655708426,128.57677848739831,1,,
2025-02-07 01:16:00,128.72,128.7560135467053,128.58601858498554,1,,
2025-02-07 01:17:00,128.75,128.75492017457705,128.59659803111552,1,,
2025-02-07 01:18:00,128.66,128.73766196101758,128.60068848072098,1,,
2025-02-07 01:19:00,128.48,128.69081433174165,128.59290212712608,1,,
2025-02-07 01:20:00,128.37,128.63248445324317,128.57852134473086,1,,
2025-02-07 01:21:00,128.42,128.59385091628985,128.56829416119984,1,,
2025-02-07 01:22:00,128.42,128.5622416587826,128.55872679596115,1,,
2025-02-07 01:23:00,128.27,128.50910681173121,128.54009926073786,-1,,128.27
2025-02-07 01:24:00,128.29,128.46926920959825,128.52396382456124,-1,,
2025-02-07 01:25:00,128.16,128.41303844421674,128.5004822874928,-1,,
2025-02-07 01:26:00,128.21,128.37612236345007,128.48174149475133,-1,,
2025-02-07 01:27:00,128.2,128.34410011555005,128.46356462412223,-1,,
2025-02-07 01:28:00,128.2,128.31790009454093,128.44656045482404,-1,,
2025-02-07 01:29:00,128.2,128.2964637137153,128.43065332870637,-1,,
2025-02-07 01:30:00,128.35,128.30619758394886,128.42544988814467,-1,,
2025-02-07 01:31:00,128.38,128.31961620504904,128.42251763729664,-1,,
2025-02-07 01:32:00,128.32,128.3196859859492,128.41590359618073,-1,,
2025-02-07 01:33:00,128.16,128.29065217032206,128.39939368674973,-1,,
2025-02-07 01:34:00,128.3,128.29235177571806,128.3929811908304,-1,,
2025-02-07 01:35:00,128.23,128.28101508922387,128.38246627529296,-1,,
2025-02-07 01:36:00,128.29,128.28264870936496,128.37650070914503,-1,,
2025-02-07 01:37:00,128.21,128.26943985311678,128.36575872790988,-1,,
2025-02-07 01:38:00,128.16,128.24954169800463,128.35248397127054,-1,,
2025-02-07 01:39:00,128.2,128.24053411654924,128.34264629570472,-1,,
2025-02-07 01:40:00,128.19,128.23134609535845,128.33279814759476,-1,,
2025-02-07 01:41:00,128.31,128.24564680529326,128.33132729936284,-1,,
2025-02-07 01:42:00,128.25,128.24643829523993,128.3260803768233,-1,,
2025-02-07 01:43:00,128.28,128.25254042337812,128.32310744928634,-1,,
2025-02-07 01:44:00,128.22,128.2466239827639,128.316455355784,-1,,
2025-02-07 01:45:00,128.12,128.2236014404432,128.30378081670116,-1,,
2025-02-07 01:46:00,128.1,128.2011284512717,128.29063366723656,-1,,
2025-02-07 01:47:00,128.05,128.17365055104048,128.27510891451163,-1,,
2025-02-07 01:48:00,127.92,128.1275322690331,128.2521986619625,-1,,
2025-02-07 01:49:00,127.82,128.0716173110271,128.22431487731976,-1,,
2025-02-07 01:50:00,128.0,128.05859598174945,128.20984294975074,-1,,
2025-02-07 01:51:00,127.9,128.0297603487041,128.18985308202488,-1,,
2025-02-07 01:52:00,127.78,127.98434937621244,128.1634109477007,-1,,
2025-02-07 01:53:00,127.78,127.9471949441738,128.13867475752647,-1,,
2025-02-07 01:54:00,127.56,127.87679586341491,128.1013409022022,-1,,
2025-02-07 01:55:00,127.36,127.78283297915765,128.05351245689883,-1,,
2025-02-07 01:56:00,127.36,127.70595425567443,128.00876971774406,-1,,
2025-02-07 01:57:00,127.56,127.67941711827906,127.97981683272832,-1,,
2025-02-07 01:58:00,127.36,127.62134127859196,127.93982864997166,-1,,
2025-02-07 01:59:00,127.28,127.55927922793886,127.89725905965092,-1,,
2025-02-07 02:00:00,127.23,127.49941027740452,127.85421008806054,-1,,
2025-02-07 02:01:00,127.1,127.42679022696733,127.8055513727018,-1,,
2025-02-07 02:02:00,127.1,127.36737382206417,127.76003192930169,-1,,
2025-02-07 02:03:00,127.11,127.32057858168885,127.71809438547578,-1,,
2025-02-07 02:04:00,127.3,127.31683702138177,127.69112055415478,-1,,
2025-02-07 02:05:00,127.45,127.34104847203962,127.6755643893706,-1,,
2025-02-07 02:06:00,127.4,127.35176693166878,127.65778604166928,-1,,
2025-02-07 02:07:00,127.56,127.38962748954717,127.6514772647874,-1,,
2025-02-07 02:08:00,127.7,127.44605885508403,127.65460776383338,-1,,
2025-02-07 02:09:00,127.53,127.46132088143239,127.6465685532635,-1,,
2025-02-07 02:10:00,127.47,127.46289890299012,127.63517703369813,-1,,
2025-02-07 02:11:00,127.46,127.46237182971917,127.62387528958857,-1,,
2025-02-07 02:12:00,127.48,127.4655769515884,127.61459301284093,-1,,
2025-02-07 02:13:00,127.58,127.48638114220869,127.61236120556087,-1,,
2025-02-07 02:14:00,127.48,127.48522093453437,127.60382177294404,-1,,
2025-02-07 02:15:00,127.47,127.48245349189175,127.59518811017347,-1,,
2025-02-07 02:16:00,127.46,127.47837103882051,127.58646629661389,-1,,
2025-02-07 02:17:00,127.46,127.47503084994405,127.57830718070332,-1,,
2025-02-07 02:18:00,127.54,127.48684342268149,127.57583574969021,-1,,
2025-02-07 02:19:00,127.5,127.48923552764849,127.57094312067794,-1,,
2025-02-07 02:20:00,127.54,127.49846543171239,127.56894679031163,-1,,
2025-02-07 02:21:00,127.55,127.50783535321922,127.56772441674315,-1,,
2025-02-07 02:22:00,127.49,127.5045925617248,127.56270993824359,-1,,
2025-02-07 02:23:00,127.42,127.48921209595666,127.55350284545368,-1,,
2025-02-07 02:24:00,127.46,127.48390080578271,127.5474704038115,-1,,
2025-02-07 02:25:00,127.5,127.48682793200403,127.54440779711399,-1,,
2025-02-07 02:26:00,127.47,127.48376830800329,127.53960729407439,-1,,
2025-02-07 02:27:00,127.45,127.47762861563905,127.53382617832766,-1,,
2025-02-07 02:28:00,127.44,127.47078704915921,127.52777287650007,-1,,
2025-02-07 02:29:00,127.43,127.46337122203936,127.52146494898393,-1,,
2025-02-07 02:30:00,127.43,127.4573037271231,127.51556398453336,-1,,
2025-02-07 02:31:00,127.46,127.45779395855526,127.51197921133766,-1,,
2025-02-07 02:32:00,127.45,127.45637687518156,127.50798055254168,-1,,
2025-02-07 02:33:00,127.39,127.44430835242126,127.50036890399062,-1,,
2025-02-07 02:34:00,127.39,127.43443410652647,127.49324832953963,-1,,
2025-02-07 02:35:00,127.56,127.45726426897619,127.49755488892417,-1,,
2025-02-07 02:36:00,127.59,127.48139803825325,127.50351908963874,-1,,
2025-02-07 02:37:00,127.64,127.51023475857083,127.51232430966206,-1,,
2025-02-07 02:38:00,127.52,127.51201025701249,127.51281951549034,-1,,
2025-02-07 02:39:00,127.45,127.5007356648284,127.50876664352322,-1,,
2025-02-07 02:40:00,127.42,127.48605645304141,127.50303976329592,-1,,
2025-02-07 02:41:00,127.5,127.48859164339751,127.5028436495349,-1,,
2025-02-07 02:42:00,127.5,127.49066589005251,127.50266018827458,-1,,
2025-02-07 02:43:00,127.55,127.50145391004295,127.50571436967623,-1,,
2025-02-07 02:44:00,127.53,127.50664410821696,127.50728118453584,-1,,
2025-02-07 02:45:00,127.6,127.52361790672296,127.51326304359806,1,127.6,
2025-02-07 02:46:00,127.74,127.5629601055006,127.52789123433367,1,,
2025-02-07 02:47:00,127.78,127.60242190450047,127.54415631598957,1,,
2025-02-07 02:48:00,127.69,127.61834519459129,127.55356558592572,1,,
2025-02-07 02:49:00,127.74,127.64046425012013,127.5655936126402,1,,
2025-02-07 02:50:00,127.85,127.6785616591892,127.58394241182471,1,,
2025-02-07 02:51:00,127.84,127.70791408479116,127.60046225622312,1,,
2025-02-07 02:52:00,127.73,127.7119297057382,127.60881953001518,1,,
2025-02-07 02:53:00,127.72,127.7133970319676,127.61599246356259,1,,
2025-02-07 02:54:00,127.74,127.7182339352462,127.62399294978437,1,,
2025-02-07 02:55:00,127.79,127.73128231065597,127.63470308205636,1,,
2025-02-07 02:56:00,127.84,127.75104916326397,127.64794804450435,1,,
2025-02-07 02:57:00,127.81,127.76176749721597,127.65840300937505,1,,
2025-02-07 02:58:00,127.8,127.76871886135851,127.6675382990928,1,,
2025-02-07 02:59:00,127.78,127.77076997747514,127.67479389269973,1,,
2025-02-07 03:00:00,127.73,127.76335725429783,127.67835557704169,1,,
2025-02-07 03:01:00,127.82,127.77365593533457,127.68749392690998,1,,
2025-02-07 03:02:00,127.88,127.79299121981919,127.69991367356096,1,,
2025-02-07 03:03:00,127.82,127.79790190712478,127.70766117849251,1,,
2025-02-07 03:04:00,127.75,127.78919246946573,127.71039271536397,1,,
2025-02-07 03:05:00,127.72,127.77661202047196,127.7110125401792,1,,
2025-02-07 03:06:00,127.67,127.75722801674978,127.70836656984505,1,,
2025-02-07 03:07:00,127.66,127.73955019552253,127.70524614598409,1,,
2025-02-07 03:08:00,127.71,127.73417743270024,127.70555284624318,1,,
2025-02-07 03:09:00,127.71,127.72978153584563,127.70583975938878,1,,
2025-02-07 03:10:00,127.74,127.73163943841914,127.70804364587983,1,,
2025-02-07 03:11:00,127.62,127.71134135870656,127.70236341066177,1,,
2025-02-07 03:12:00,127.58,127.68746111166901,127.6944689970707,-1,,127.58
2025-02-07 03:13:00,127.56,127.66428636409282,127.68579357790486,-1,,
2025-02-07 03:14:00,127.57,127.6471433888032,127.67832302449166,-1,,
2025-02-07 03:15:00,127.55,127.62948095447534,127.67004411968576,-1,,
2025-02-07 03:16:00,127.56,127.61684805366163,127.66294449906088,-1,,
2025-02-07 03:17:00,127.57,127.60833022572314,127.65694807976665,-1,,
2025-02-07 03:18:00,127.62,127.61045200286438,127.65456433268494,-1,,
2025-02-07 03:19:00,127.62,127.61218800234357,127.65233437573754,-1,,
2025-02-07 03:20:00,127.7,127.62815382009929,127.65540957730286,-1,,
2025-02-07 03:21:00,127.72,127.64485312553578,127.65957670134785,-1,,
2025-02-07 03:22:00,127.7,127.65487982998381,127.6621846560996,-1,,
2025-02-07 03:23:00,127.67,127.65762895180494,127.66268887183512,-1,,
2025-02-07 03:24:00,127.66,127.65806005147675,127.66251539623286,-1,,
2025-02-07 03:25:00,127.7,127.66568549666279,127.66493375776624,1,127.7,
2025-02-07 03:26:00,127.68,127.66828813363318,127.66590577339423,1,,
2025-02-07 03:27:00,127.79,127.69041756388168,127.6739118525301,1,,
2025-02-07 03:28:00,127.79,127.70852346135773,127.68140141043139,1,,
2025-02-07 03:29:00,127.82,127.72879192292903,127.6903432549197,1,,
2025-02-07 03:30:00,127.82,127.74537520966919,127.69870820621522,1,,
2025-02-07 03:31:00,127.84,127.76257971700207,127.70782380581424,1,,
2025-02-07 03:32:00,127.89,127.7857470411835,127.71957710866495,1,,
2025-02-07 03:33:00,127.93,127.81197485187741,127.73315277907366,1,,
2025-02-07 03:34:00,127.94,127.83525215153605,127.74649776106891,1,,
2025-02-07 03:35:00,127.94,127.85429721489314,127.75898177648382,1,,
2025-02-07 03:36:00,127.95,127.87169772127619,127.7713055328397,1,,
2025-02-07 03:37:00,127.93,127.88229813558961,127.78154388555973,1,,
2025-02-07 03:38:00,127.88,127.88188029275513,127.78789589294298,1,,
2025-02-07 03:39:00,127.88,127.8815384213451,127.79383809339828,1,,
2025-02-07 03:40:00,127.87,127.87944052655507,127.79875176479194,1,,
2025-02-07 03:41:00,127.81,127.86681497627232,127.79947745738602,1,,
2025-02-07 03:42:00,127.89,127.87103043513189,127.80531762142563,1,,
2025-02-07 03:43:00,127.88,127.8726612651079,127.81013583939817,1,,
2025-02-07 03:44:00,127.96,127.88854103508827,127.81980449492087,1,,
2025-02-07 03:45:00,127.96,127.90153357416312,127.8288493662163,1,,
2025-02-07 03:46:00,127.9,127.90125474249709,127.83343972968622,1,,
2025-02-07 03:47:00,127.98,127.91557206204305,127.84289523099679,1,,
2025-02-07 03:48:00,127.98,127.92728623258067,127.85174069996474,1,,
2025-02-07 03:49:00,128.1,127.95868873574781,127.86775742899928,1,,
2025-02-07 03:50:00,128.18,127.99892714743002,127.88790211099933,1,,
2025-02-07 03:51:00,128.07,128.01184948426092,127.89965036190262,1,,
2025-02-07 03:52:00,128.1,128.02787685075893,127.91257614500569,1,,
2025-02-07 03:53:00,128.1,128.04099015062093,127.92466800661823,1,,
2025-02-07 03:54:00,128.12,128.05535557778074,127.93727007070738,1,,
2025-02-07 03:55:00,128.27,128.09438183636607,127.95873651775854,1,,
2025-02-07 03:56:00,128.32,128.13540332066313,127.98204383919348,1,,
2025-02-07 03:57:00,128.3,128.16532998963348,128.00255713989068,1,,
2025-02-07 03:58:00,128.31,128.19163362788194,128.02239216312356,1,,
2025-02-07 03:59:00,128.31,128.21315478644885,128.04094750743818,1,,
2025-02-07 04:00:00,128.19,128.20894482527632,128.0505637972809,1,,
2025-02-07 04:01:00,128.36,128.2364094024988,128.07052742326277,1,,
2025-02-07 04:02:00,128.33,128.25342587477172,128.08726758950388,1,,
2025-02-07 04:03:00,128.3,128.2618938975405,128.1009922611488,1,,
2025-02-07 04:04:00,128.54,128.3124586434422,128.1293153410747,1,,
2025-02-07 04:05:00,128.54,128.35382979917998,128.1558111255215,1,,
2025-02-07 04:06:00,128.72,128.42040619932905,128.19221040774593,1,,
2025-02-07 04:07:00,128.8,128.48942325399648,128.23142263950427,1,,
2025-02-07 04:08:00,128.74,128.53498266236076,128.2642340821169,1,,
2025-02-07 04:09:00,128.75,128.5740767237497,128.29557381875452,1,,
2025-02-07 04:10:00,128.79,128.61333550124974,128.32747228206068,1,,
2025-02-07 04:11:00,128.75,128.6381835919316,128.35473213483095,1,,
2025-02-07 04:12:00,128.83,128.6730593024895,128.38539457774507,1,,
2025-02-07 04:13:00,128.75,128.68704852021867,128.40891750821314,1,,
2025-02-07 04:14:00,128.7,128.68940333472435,128.4276970238123,1,,
2025-02-07 04:15:00,128.7,128.69133000113808,128.4452649577599,1,,
2025-02-07 04:16:00,128.8,128.71108818274934,128.4681510895173,1,,
2025-02-07 04:17:00,128.77,128.72179942224946,128.48762521277425,1,,
2025-02-07 04:18:00,128.76,128.72874498184046,128.50519777969205,1,,
2025-02-07 04:19:00,128.73,128.72897316696037,128.5197011487442,1,,
2025-02-07 04:20:00,128.75,128.73279622751303,128.5345591391478,1,,
2025-02-07 04:21:00,128.74,128.73410600432885,128.54781338823506,1,,
2025-02-07 04:22:00,128.69,128.7260867308145,128.55698671802637,1,,
2025-02-07 04:23:00,128.68,128.71770732521185,128.56492305879885,1,,
2025-02-07 04:24:00,128.65,128.70539690244607,128.57041189371506,1,,
2025-02-07 04:25:00,128.68,128.70077928381951,128.57748209412054,1,,
2025-02-07 04:26:00,128.67,128.6951830503978,128.58345099127408,1,,
2025-02-07 04:27:00,128.62,128.6815134048709,128.58580899183704,1,,
2025-02-07 04:28:00,128.78,128.69942005853073,128.5983374439766,1,,
2025-02-07 04:29:00,128.71,128.7013436842524,128.60554147984908,1,,
2025-02-07 04:30:00,128.61,128.68473574166106,128.60582912631045,1,,
2025-02-07 04:31:00,128.68,128.68387469772267,128.61061434396785,1,,
2025-02-07 04:32:00,128.67,128.68135202540947,128.6144456766151,1,,
2025-02-07 04:33:00,128.78,128.69928802078957,128.62512660070445,1,,
2025-02-07 04:34:00,128.77,128.71214474428237,128.63447327162675,1,,
2025-02-07 04:35:00,128.72,128.71357297259465,128.6399911250702,1,,
2025-02-07 04:36:00,128.7,128.7111051593956,128.64386266538827,1,,
2025-02-07 04:37:00,128.63,128.69635876677822,128.64296829987936,1,,
2025-02-07 04:38:00,128.57,128.67338444554582,128.63826066762908,1,,
2025-02-07 04:39:00,128.52,128.64549636453748,128.6306309471369,1,,
2025-02-07 04:40:00,128.6,128.63722429825793,128.62865475699903,1,,
2025-02-07 04:41:00,128.6,128.6304562440292,128.6268060629991,1,,
2025-02-07 04:42:00,128.65,128.6340096542057,128.62830244603143,1,,
2025-02-07 04:43:00,128.65,128.63691698980466,128.62970228822297,1,,
2025-02-07 04:44:00,128.73,128.65384117347654,128.63617310833763,1,,
2025-02-07 04:45:00,128.83,128.68587005102626,128.64867806909004,1,,
2025-02-07 04:46:00,128.98,128.73934822356694,128.67005367753586,1,,
2025-02-07 04:47:00,128.87,128.7631030920093,128.6829534402755,1,,
2025-02-07 04:48:00,128.79,128.76799343891668,128.68985966993515,1,,
2025-02-07 04:49:00,128.83,128.77926735911365,128.69890098155224,1,,
2025-02-07 04:50:00,128.75,128.77394602109297,128.70219769241984,1,,
2025-02-07 04:51:00,128.79,128.7768649263488,128.70786235742503,1,,
2025-02-07 04:52:00,128.76,128.77379857610356,128.71122607630085,1,,
2025-02-07 04:53:00,128.76,128.77128974408473,128.71437278105563,1,,
2025-02-07 04:54:00,128.74,128.7656006997057,128.7160261500198,1,,
2025-02-07 04:55:00,128.73,128.75912784521373,128.7169276887282,1,,
2025-02-07 04:56:00,128.81,128.76837732790213,128.72293235397154,1,,
2025-02-07 04:57:00,128.81,128.77594508646536,128.72854962145726,1,,
2025-02-07 04:58:00,128.82,128.78395507074435,128.73444964587938,1,,
2025-02-07 04:59:00,128.84,128.79414505788174,128.74125934614523,1,,
2025-02-07 05:00:00,128.78,128.79157322917595,128.74375874316812,1,,
2025-02-07 05:01:00,128.78,128.7894690056894,128.74609688877018,1,,
2025-02-07 05:02:00,128.7812,128.7879655501095,128.74836160562373,1,,
2025-02-07 05:03:00,128.7999,128.7901354500896,128.75168666332542,1,,
2025-02-07 05:04:00,128.79,128.79011082280056,128.75415849149798,1,,
2025-02-07 05:05:00,128.68,128.77009067320046,128.74937407269167,1,,
2025-02-07 05:06:00,128.62,128.74280145989127,128.7410273583245,1,,
2025-02-07 05:07:00,128.81,128.75501937627467,128.7454772061745,1,,
2025-02-07 05:08:00,128.7,128.74501585331564,128.74254319287294,1,,
2025-02-07 05:09:00,128.49,128.69864933453098,128.72625008365534,-1,,128.49
2025-02-07 05:10:00,128.48,128.65889491007079,128.71036298148405,-1,,
2025-02-07 05:11:00,128.47,128.62455038096698,128.69485569235607,-1,,
2025-02-07 05:12:00,128.46,128.59463212988206,128.6797037122041,-1,,
2025-02-07 05:13:00,128.45,128.5683353789944,128.66488411786835,-1,,
2025-02-07 05:14:00,128.45,128.54681985554086,128.65102062639298,-1,,
2025-02-07 05:15:00,128.59,128.55467079089706,128.64708381178698,-1,,
2025-02-07 05:16:00,128.63,128.56836701073394,128.64598163038139,-1,,
2025-02-07 05:17:00,128.66,128.58502755423686,128.64688604132454,-1,,
2025-02-07 05:18:00,128.64,128.5950225443756,128.64644178059393,-1,,
2025-02-07 05:19:00,128.6008,128.59607299085275,128.6434971495879,-1,,
2025-02-07 05:20:00,128.55,128.587696083425,128.63746507542092,-1,,
2025-02-07 05:21:00,128.52,128.57538770462043,128.6298866834583,-1,,
2025-02-07 05:22:00,128.47,128.55622630378033,128.61957141355776,-1,,
2025-02-07 05:23:00,128.46,128.5387306121839,128.60927648365083,-1,,
2025-02-07 05:24:00,128.41,128.5153250463323,128.59641993631854,-1,,
2025-02-07 05:25:00,128.28,128.47253867427187,128.57600574687865,-1,,
2025-02-07 05:26:00,128.38,128.4557134607679,128.56336021482198,-1,,
2025-02-07 05:27:00,128.3401,128.43469283153735,128.54895632999475,-1,,
2025-02-07 05:28:00,128.36,128.42111231671237,128.53676559902738,-1,,
2025-02-07 05:29:00,128.4,128.41727371367375,128.52794201199336,-1,,
2025-02-07 05:30:00,128.38,128.41049667482397,128.5183973660583,-1,,
2025-02-07 05:31:00,128.39,128.40677000667415,128.5101136650223,-1,,
2025-02-07 05:32:00,128.03,128.33826636909703,128.47913858985956,-1,,
2025-02-07 05:33:00,128.218,128.3163997565339,128.46229093890088,-1,,
2025-02-07 05:34:00,128.2,128.29523616443683,128.44536894284278,-1,,
2025-02-07 05:35:00,128.3,128.2961023163574,128.43599030136906,-1,,
2025-02-07 05:36:00,128.17,128.27317462247424,128.41882963676463,-1,,
2025-02-07 05:37:00,128.29,128.27623378202438,128.41051804729594,-1,,
2025-02-07 05:38:00,128.4,128.2987367307472,128.40983946359944,-1,,
2025-02-07 05:39:00,128.5101,128.33716641606588,128.4163078853027,-1,,
2025-02-07 05:40:00,128.91,128.44131797678116,128.44815898947672,-1,,
2025-02-07 05:41:00,129.06,128.5538056173664,128.48763260305887,1,129.06,
2025-02-07 05:42:00,128.96,128.6276591414816,128.51810791899055,1,,
2025-02-07 05:43:00,128.94,128.68444838848492,128.54532676292666,1,,
2025-02-07 05:44:00,128.87,128.71818504512402,128.56627342338302,1,,
2025-02-07 05:45:00,128.54,128.68578776419236,128.56457836380994,1,,
2025-02-07 05:46:00,128.6,128.67018998888466,128.56686363066092,1,,
2025-02-07 05:47:00,128.53,128.64470089999654,128.5644853319086,1,,
2025-02-07 05:48:00,128.52,128.62202800908807,128.56161531049514,1,,
2025-02-07 05:49:00,128.48,128.5962047347084,128.55634980659224,1,,
2025-02-07 05:50:00,128.7,128.61507660112505,128.56561756100564,1,,
2025-02-07 05:51:00,128.66,128.62324449182958,128.57170675061818,1,,
2025-02-07 05:52:00,128.7,128.63720003876963,128.57998373444926,1,,
2025-02-07 05:53:00,128.75,128.6577091226297,128.59095252577512,1,,
2025-02-07 05:54:00,128.7001,128.66541655487885,128.59799429830576,1,,
2025-02-07 05:55:00,128.83,128.69534081762814,128.6129624080925,1,,
2025-02-07 05:56:00,128.79,128.71255157805936,128.62438418821557,1,,
2025-02-07 05:57:00,128.81,128.73026947295764,128.63635940187908,1,,
2025-02-07 05:58:00,128.99,128.77749320514715,128.6591749243385,1,,
2025-02-07 05:59:00,128.98,128.81431262239312,128.67987331631664,1,,
2025-02-07 06:00:00,128.88,128.826255781958,128.69278471526397,1,,
2025-02-07 06:01:00,128.74,128.81057291251108,128.6958308626663,1,,
2025-02-07 06:02:00,128.79,128.8068323829636,128.70190629088137,1,,
2025-02-07 06:03:00,128.86,128.81649922242474,128.71210588501808,1,,
2025-02-07 06:04:00,128.95,128.84077209107477,128.72745389243627,1,,
2025-02-07 06:05:00,128.95,128.86063171087935,128.7418117058275,1,,
2025-02-07 06:06:00,128.935,128.8741532179922,128.75427546674186,1,,
2025-02-07 06:07:00,129.03,128.90248899653906,128.77206414630692,1,,
2025-02-07 06:08:00,129.32,128.9784000880774,128.80741484654519,1,,
2025-02-07 06:09:00,129.22,129.0223273447906,128.83403324354228,1,,
2025-02-07 06:10:00,129.14,129.04372237301047,128.8537730342815,1,,
2025-02-07 06:11:00,129.25,129.08122739609948,128.87933606432784,1,,
2025-02-07 06:12:00,129.28,129.11736786953594,128.90518535050023,1,,
2025-02-07 06:13:00,129.29,129.1487555296203,128.93001210208087,1,,
2025-02-07 06:14:00,129.3492,129.18519997878025,128.95705648259178,1,,
2025-02-07 06:15:00,129.2407,129.1952908917293,128.97535606436006,1,,
2025-02-07 06:16:00,129.3,129.21432891141487,128.99630083440135,1,,
2025-02-07 06:17:00,129.24,129.2189963820667,129.01202336121418,1,,
2025-02-07 06:18:00,129.2539,129.22534249441821,129.02762830565197,1,,
2025-02-07 06:19:00,129.1001,129.2025711317967,129.03230389883572,1,,
2025-02-07 06:20:00,129.0995,129.18383092601547,129.0366391311689,1,,
2025-02-07 06:21:00,129.0792,129.16480712128538,129.03938499367413,1,,
2025-02-07 06:22:00,129.0999,129.15300582650622,129.04328918763065,1,,
2025-02-07 06:23:00,129.1,129.1433684035051,129.046947949719,1,,
2025-02-07 06:24:00,129.1991,129.1535014210496,129.05676421102746,1,,
2025-02-07 06:25:00,129.0404,129.1329375263133,129.05570845547732,1,,
2025-02-07 06:26:00,128.9999,129.10874888516543,129.05210790996264,1,,
2025-02-07 06:27:00,129.24,129.13261272422625,129.06422998028765,1,,
2025-02-07 06:28:00,129.29,129.16122859254875,129.07879578801104,1,,
2025-02-07 06:29:00,129.23,129.1737324848126,129.08855089846193,1,,
2025-02-07 06:30:00,129.215,129.18123566939212,129.09670890501278,1,,
2025-02-07 06:31:00,129.2139,129.18717463859355,129.1042696208184,1,,
2025-02-07 06:32:00,129.68,129.27677924975836,129.1414135162495,1,,
2025-02-07 06:33:00,129.87,129.3846375679841,129.1884190958463,1,,
2025-02-07 06:34:00,129.8504,129.46932164653245,129.23112754127558,1,,
2025-02-07 06:35:00,129.73,129.51671771079927,129.2633128611933,1,,
2025-02-07 06:36:00,130.26,129.6518599451994,129.32761525724536,1,,
2025-02-07 06:37:00,129.92,129.70061268243586,129.36583362774567,1,,
2025-02-07 06:38:00,130.0574,129.76548310381116,129.41045081305242,1,,
2025-02-07 06:39:00,129.94,129.79721344857276,129.44461527672647,1,,
2025-02-07 06:40:00,129.7126,129.78182918519587,129.46190461371185,1,,
2025-02-07 06:41:00,129.78,129.78149660606934,129.48242689669817,1,,
2025-02-07 06:42:00,130.11,129.8412244958749,129.52291548400797,1,,
2025-02-07 06:43:00,130.0982,129.88794731480675,129.56003061407196,1,,
2025-02-07 06:44:00,129.86,129.88286598484189,129.57938347768024,1,,
2025-02-07 06:45:00,129.74,129.85689035123426,129.58974583395894,1,,
2025-02-07 06:46:00,130.02,129.88654665100984,129.61750416725192,1,,
2025-02-07 06:47:00,129.865,129.88262907809894,129.63347164033246,1,,
2025-02-07 06:48:00,129.84,129.8748783366264,129.6467960506336,1,,
2025-02-07 06:49:00,130.03,129.9030822754216,129.6715188860766,1,,
2025-02-07 06:50:00,130.03,129.92615822534495,129.69464669987812,1,,
2025-02-07 06:51:00,130.12,129.96140218437313,129.7220888482731,1,,
2025-02-07 06:52:00,130.01,129.97023815085072,129.74066376128775,1,,
2025-02-07 06:53:00,130.2809,130.0267221234233,129.77551771217242,1,,
2025-02-07 06:54:00,130.095,130.03913628280085,129.79612947267742,1,,
2025-02-07 06:55:00,129.8095,129.9973842313825,129.7969920873434,1,,
2025-02-07 06:56:00,129.71,129.94513255294933,129.79137969461158,1,,
2025-02-07 06:57:00,129.72,129.904199361504,129.78677455302375,1,,
2025-02-07 06:58:00,129.693,129.86579947759418,129.78072458186094,1,,
2025-02-07 06:59:00,129.65,129.82656320894068,129.77229073786992,1,,
2025-02-07 07:00:00,129.529,129.7724608073151,129.75659456123316,1,,
2025-02-07 07:01:00,129.39,129.70292247871234,129.73294329921814,-1,,129.39
2025-02-07 07:02:00,129.088,129.59111839167372,129.6913340541073,-1,,
2025-02-07 07:03:00,129.42,129.56000595682394,129.67382863126167,-1,,
2025-02-07 07:04:00,129.26,129.5054594192196,129.64713000988996,-1,,
2025-02-07 07:05:00,129.3294,129.47344861572512,129.62663129957448,-1,,
2025-02-07 07:06:00,129.65,129.50554886741145,129.62813895766647,-1,,
2025-02-07 07:07:00,129.5858,129.52013998242754,129.62540741201056,-1,,
2025-02-07 07:08:00,129.63,129.54011453107708,129.6257037080099,-1,,
2025-02-07 07:09:00,129.22,129.48191188906304,129.59952927523506,-1,,
2025-02-07 07:10:00,128.8446,129.36603700014248,129.55082416070377,-1,,
2025-02-07 07:11:00,128.5,129.2085757273893,129.4830290535616,-1,,
2025-02-07 07:12:00,128.14,129.01428923150033,129.39638201784797,-1,,
2025-02-07 07:13:00,128.07,128.84260028031844,129.31080898443844,-1,,
2025-02-07 07:14:00,128.28,128.74030932026054,129.2443051789908,-1,,
2025-02-07 07:15:00,128.51,128.69843489839496,129.19693065131398,-1,,
2025-02-07 07:16:00,128.2422,128.61548309868678,129.13533512542276,-1,,
2025-02-07 07:17:00,127.885,128.48266798983462,129.05466834313742,-1,,
2025-02-07 07:18:00,128.3933,128.46641926441015,129.01199941777372,-1,,
2025-02-07 07:19:00,128.71,128.510706670881,128.992515584369,-1,,
2025-02-07 07:20:00,128.54,128.5160327307208,128.96332103053874,-1,,
2025-02-07 07:21:00,128.65,128.5403904160443,128.943106770504,-1,,
2025-02-07 07:22:00,128.96,128.6166830676726,128.94419665627794,-1,,
2025-02-07 07:23:00,129.095,128.7036497826412,128.95392590426002,-1,,
2025-02-07 07:24:00,129.0675,128.7698043676155,128.9612532652755,-1,,
2025-02-07 07:25:00,129.04,128.81893084623087,128.96633369977386,-1,,
2025-02-07 07:26:00,129.215,128.89094341964343,128.98237668688523,-1,,
2025-02-07 07:27:00,129.29,128.96349916152644,129.00222335224748,-1,,
2025-02-07 07:28:00,129.2789,129.0208447685216,129.0200734585541,1,129.2789,
2025-02-07 07:29:00,129.11,129.0370548106086,129.02587517090546,1,,
2025-02-07 07:30:00,129.165,129.0603175723161,129.03485096633094,1,,
2025-02-07 07:31:00,129.32,129.1075325591677,129.05324767818055,1,,
2025-02-07 07:32:00,129.3502,129.1516539120463,129.07240589249147,1,,
2025-02-07 07:33:00,129.1901,129.15864410985606,129.07999906071785,1,,
2025-02-07 07:34:00,129.26,129.17707245351858,129.0916120245425,1,,
2025-02-07 07:35:00,129.2552,129.19127746196975,129.10216608747527,1,,
2025-02-07 07:36:00,129.5199,129.25102701433886,129.12911666247686,1,,
2025-02-07 07:37:00,129.745,129.34084028445906,129.16885107134934,1,,
2025-02-07 07:38:00,129.6787,129.4022693236483,129.20174455061712,1,,
2025-02-07 07:39:00,129.54,129.42731126480317,129.22356748283536,1,,
2025-02-07 07:40:00,129.585,129.45598194392986,129.24688570974922,1,,
2025-02-07 07:41:00,129.63,129.48762159048806,129.27160276073315,1,,
2025-02-07 07:42:00,129.61,129.50987221039932,129.29343484068585,1,,
2025-02-07 07:43:00,129.57,129.52080453578125,129.31127775418997,1,,
2025-02-07 07:44:00,129.395,129.49793098382102,129.31667918940354,1,,
2025-02-07 07:45:00,129.2111,129.44577989585355,129.30986762879687,1,,
2025-02-07 07:46:00,129.53,129.461092642062,129.32406971726158,1,,
2025-02-07 07:47:00,129.62,129.4899848889598,129.3431619935673,1,,
2025-02-07 07:48:00,129.59,129.5081694546035,129.3590870262404,1,,
2025-02-07 07:49:00,129.615,129.52759319013012,129.3755975406765,1,,
2025-02-07 07:50:00,129.6948,129.55799442828828,129.39619124772963,1,,
2025-02-07 07:51:00,129.815,129.60472271405405,129.42321116723096,1,,
2025-02-07 07:52:00,129.8299,129.64566403877149,129.4494491564419,1,,
2025-02-07 07:53:00,128.575,129.45099784990393,129.39303308183273,1,,
2025-02-07 07:54:00,128.62,129.29990733173958,129.34315997977902,-1,,128.62
2025-02-07 07:55:00,129.1,129.26356054415055,129.32747223914814,-1,,
2025-02-07 07:56:00,129.06,129.22654953612317,129.31021596565472,-1,,
2025-02-07 07:57:00,129.02,129.18899507500987,129.29149235496732,-1,,
2025-02-07 07:58:00,129.19,129.18917778864443,129.28494446109846,-1,,
2025-02-07 07:59:00,129.38,129.22387273616363,129.29107707651147,-1,,
2025-02-07 08:00:00,129.275,129.2331686023157,129.2900398457688,-1,,
2025-02-07 08:01:00,128.7925,129.15304703825828,129.2579405008805,-1,,
2025-02-07 08:02:00,128.8283,129.09400212221132,129.2302217588882,-1,,
2025-02-07 08:03:00,128.595,129.00327446362743,129.18923970992768,-1,,
2025-02-07 08:04:00,128.72,128.95177001569516,129.15896618025494,-1,,
2025-02-07 08:05:00,128.4099,128.85324819465967,129.11063932991593,-1,,
2025-02-07 08:06:00,128.77,128.83811215926698,129.08866259895362,-1,,
2025-02-07 08:07:00,128.89,128.84754631212752,129.07584565708567,-1,,
2025-02-07 08:08:00,129.0,128.87526516446798,129.07095238888658,-1,,
2025-02-07 08:09:00,129.16,128.9270351345647,129.0766973960552,-1,,
2025-02-07 08:10:00,129.101,128.9586651100984,129.07826530598714,-1,,
2025-02-07 08:11:00,129.0089,128.96779872644413,129.07379012495574,-1,,
2025-02-07 08:12:00,129.03,128.9791080489088,129.07096495560376,-1,,
2025-02-07 08:13:00,128.92,128.9683611309254,129.06122528104868,-1,,
2025-02-07 08:14:00,128.685,128.91684092530258,129.03695268227136,-1,,
2025-02-07 08:15:00,128.545,128.84923348433847,129.00521379954418,-1,,
2025-02-07 08:16:00,128.7665,128.83419103264058,128.98981290925101,-1,,
2025-02-07 08:17:00,129.02,128.86797448125137,128.99176046349288,-1,,
2025-02-07 08:18:00,129.0344,128.89823366647838,128.99451140133206,-1,,
2025-02-07 08:19:00,129.18,128.94946390893685,129.00647840769776,-1,,
2025-02-07 08:20:00,129.33,129.01865228913016,129.02735076849146,-1,,
2025-02-07 08:21:00,129.2,129.05162460019739,129.0384894285888,1,129.2,
2025-02-07 08:22:00,128.93,129.02951103652512,129.03149011061535,-1,,128.93
2025-02-07 08:23:00,129.13,129.0477817571569,129.03784558734986,1,129.13,
2025-02-07 08:24:00,129.1129,129.05962143767383,129.04268780752085,1,,
2025-02-07 08:25:00,129.1001,129.06698117627857,129.04639181993886,1,,
2025-02-07 08:26:00,128.95,129.04571187150066,129.04017299284604,1,,
2025-02-07 08:27:00,128.775,128.9964915312278,129.02306505782371,-1,,128.775
2025-02-07 08:28:00,128.895,128.97803852555003,129.01480279602865,-1,,
2025-02-07 08:29:00,128.7,128.9274860663591,128.99449293822036,-1,,
2025-02-07 08:30:00,128.75,128.89521587247563,128.97871920027066,-1,,
2025-02-07 08:31:00,128.81,128.87972207748004,128.9678340905758,-1,,
2025-02-07 08:32:00,128.66,128.8397726088473,128.9479738266677,-1,,
2025-02-07 08:33:00,128.7599,128.8252503163296,128.9358400313988,-1,,
2025-02-07 08:34:00,128.95,128.84793207699693,128.9367535777602,-1,,
2025-02-07 08:35:00,128.625,128.80739897208838,128.91664044371115,-1,,
2025-02-07 08:36:00,128.48,128.7478718862541,128.88847009250398,-1,,
2025-02-07 08:37:00,128.6154,128.72378608875334,128.87085266718114,-1,,
2025-02-07 08:38:00,128.4809,128.67962498170726,128.84569443058882,-1,,
2025-02-07 08:39:00,128.525,128.65151134866957,128.82500446732504,-1,,
2025-02-07 08:40:00,128.71,128.66214564891146,128.81758482427182,-1,,
2025-02-07 08:41:00,128.81,128.68902825820027,128.8170954807704,-1,,
2025-02-07 08:42:00,128.75,128.70011402943658,128.81276674007555,-1,,
2025-02-07 08:43:00,128.57,128.6764569331754,128.7971043697481,-1,,
2025-02-07 08:44:00,128.69,128.67891930896167,128.79019441040953,-1,,
2025-02-07 08:45:00,128.6,128.6645703436959,128.77792380328634,-1,,
2025-02-07 08:46:00,128.1444,128.56999391756938,128.73705129984853,-1,,
2025-02-07 08:47:00,128.21,128.5045404780113,128.7030479901809,-1,,
2025-02-07 08:48:00,128.18,128.44553311837288,128.66930295855633,-1,,
2025-02-07 08:49:00,128.08,128.37907255139598,128.63128341284303,-1,,
2025-02-07 08:50:00,128.1601,128.33925936023306,128.6008844829822,-1,,
2025-02-07 08:51:00,127.86,128.25212129473613,128.55308548408013,-1,,
2025-02-07 08:52:00,127.675,128.14719015023863,128.49643480768788,-1,,
2025-02-07 08:53:00,127.925,128.10679194110432,128.45956804590156,-1,,
2025-02-07 08:54:00,128.14,128.11282976999442,128.43895075261761,-1,,
2025-02-07 08:55:00,128.13,128.1159516299954,128.41901844599712,-1,,
2025-02-07 08:56:00,128.2831,128.1463422427235,128.41024951399731,-1,,
2025-02-07 08:57:00,128.465,128.20428001677377,128.41378180341684,-1,,
2025-02-07 08:58:00,128.39,128.23804728645123,128.412247493519,-1,,
2025-02-07 08:59:00,128.25,128.24022050709647,128.401779913292,-1,,
2025-02-07 09:00:00,128.01,128.1983622330789,128.3765037898538,-1,,
2025-02-07 09:01:00,128.1,128.1804781907009,128.35866483566969,-1,,
2025-02-07 09:02:00,128.1099,128.16764579239165,128.34261549143295,-1,,
2025-02-07 09:03:00,128.05,128.14625564832045,128.32373707263082,-1,,
2025-02-07 09:04:00,127.963,128.1129364395349,128.30046371310624,-1,,
2025-02-07 09:05:00,127.9352,128.08062072325583,128.2768983122607,-1,,
2025-02-07 09:06:00,128.12,128.08778059175475,128.26677584050196,-1,,
2025-02-07 09:07:00,128.21,128.1100023023448,128.26311288305024,-1,,
2025-02-07 09:08:00,128.56,128.19182006555485,128.2822668905954,-1,,
2025-02-07 09:09:00,128.5,128.24785278090852,128.29631418797635,-1,,
2025-02-07 09:10:00,128.385,128.27278863892514,128.30203585326822,-1,,
2025-02-07 09:11:00,128.38,128.292281613666,128.30706579821867,-1,,
2025-02-07 09:12:00,128.58,128.34459404754492,128.32467445639813,1,128.58,
2025-02-07 09:13:00,128.6701,128.40377694799128,128.34695997534018,1,,
2025-02-07 09:14:00,128.785,128.47309023017468,128.37522062209243,1,,
2025-02-07 09:15:00,128.5696,128.490637461052,128.38776122711874,1,,
2025-02-07 09:16:00,128.46,128.48506701358798,128.39242179311108,1,,
2025-02-07 09:17:00,128.197,128.4326911929356,128.37981393549103,1,,
2025-02-07 09:18:00,128.04,128.36129279422002,128.35789045578193,1,,
2025-02-07 09:19:00,128.0101,128.29743955890729,128.33545236186052,-1,,128.0101
2025-02-07 09:20:00,128.115,128.26426873001503,128.32122962883727,-1,,
2025-02-07 09:21:00,128.2,128.2525835063759,128.31340836246068,-1,,
2025-02-07 09:22:00,127.99,128.2048410506712,128.29254330681806,-1,,
2025-02-07 09:23:00,128.0,128.16759722327643,128.27366954508787,-1,,
2025-02-07 09:24:00,127.985,128.13439772813527,128.2550457034693,-1,,
2025-02-07 09:25:00,128.02,128.11359814120158,128.2398814645358,-1,,
2025-02-07 09:26:00,128.03,128.09839847916493,128.22634072488836,-1,,
2025-02-07 09:27:00,128.01,128.08232602840766,128.21238325876655,-1,,
2025-02-07 09:28:00,128.2,128.1037212959699,128.21158433884614,-1,,
2025-02-07 09:29:00,128.235,128.1275901512481,128.21309502666253,-1,,
2025-02-07 09:30:00,128.27,128.15348285102118,128.21676631526495,-1,,
2025-02-07 09:31:00,128.2986,128.17986778719913,128.22204590782852,-1,,
2025-02-07 09:32:00,128.21,128.18534637134474,128.22126875248475,-1,,
2025-02-07 09:33:00,128.22,128.19164703110025,128.22118689748575,-1,,
2025-02-07 09:34:00,128.1404,128.182329389082,128.21597483958345,-1,,
2025-02-07 09:35:00,128.1101,128.16919677288527,128.20914420477163,-1,,
2025-02-07 09:36:00,128.275,128.18843372326975,128.2133929657541,-1,,
2025-02-07 09:37:00,128.36,128.21962759176614,128.22285148409256,-1,,
2025-02-07 09:38:00,128.435,128.25878621144503,128.23653848511884,1,128.435,
2025-02-07 09:39:00,128.617,128.32391599118228,128.26108438930473,1,,
2025-02-07 09:40:00,128.5101,128.35776762914912,128.2771499125754,1,,
2025-02-07 09:41:00,128.525,128.38817351475836,128.29314024079633,1,,
2025-02-07 09:42:00,128.48,128.40486923934773,128.30519570913205,1,,
2025-02-07 09:43:00,128.5309,128.42778392310268,128.31975727628483,1,,
2025-02-07 09:44:00,128.59,128.45727775526584,128.33719229071806,1,,
2025-02-07 09:45:00,128.6099,128.48502725430842,128.3547863364782,1,,
2025-02-07 09:46:00,128.685,128.52138593534323,128.3760904438022,1,,
2025-02-07 09:47:00,128.8313,128.577733947099,128.4054588022666,1,,
2025-02-07 09:48:00,128.905,128.6372368658083,128.43768726663652,1,,
2025-02-07 09:49:00,128.8501,128.67593925384313,128.46429453975674,1,,
2025-02-07 09:50:00,128.7401,128.68760484405345,128.4820884404176,1,,
2025-02-07 09:51:00,128.52,128.65713123604374,128.48453434748745,1,,
2025-02-07 09:52:00,128.6,128.64674373858122,128.49198374442375,1,,
2025-02-07 09:53:00,128.6387,128.64528124065734,128.50144930929966,1,,
2025-02-07 09:54:00,128.8392,128.68053919690146,128.52323967644162,1,,
2025-02-07 09:55:00,128.865,128.71407752473755,128.54528872957442,1,,
2025-02-07 09:56:00,128.9318,128.75366342933071,128.57022494056963,1,,
2025-02-07 09:57:00,128.94,128.78754280581603,128.59408139601675,1,,
2025-02-07 09:58:00,128.9562,128.8182077502131,128.6174438865963,1,,
2025-02-07 09:59:00,128.905,128.83398815926526,128.63599589391268,1,,
2025-02-07 10:00:00,128.79,128.82599031212612,128.64593164269252,1,,
2025-02-07 10:01:00,129.1067,128.8770284371941,128.67565863348656,1,,
2025-02-07 10:02:00,129.2952,128.95305963043154,128.71562904422936,1,,
2025-02-07 10:03:00,129.265,129.00977606126216,128.75107233169842,1,,
2025-02-07 10:04:00,129.3209,129.06634405012358,128.78783540707272,1,,
2025-02-07 10:05:00,129.485,129.14246331373747,128.83281376790674,1,,
2025-02-07 10:06:00,129.53,129.21292452942157,128.87779352481598,1,,
2025-02-07 10:07:00,129.45,129.25602916043582,128.91471007160206,1,,
2025-02-07 10:08:00,129.5783,129.3146238585384,128.9575223250471,1,,
2025-02-07 10:09:00,129.5175,129.35151042971324,128.99364991697956,1,,
2025-02-07 10:10:00,129.3901,129.3585267152199,129.01922734169057,1,,
2025-02-07 10:11:00,129.349,129.3567945851799,129.04050299706537,1,,
2025-02-07 10:12:00,129.215,129.33101375151082,129.05176086822246,1,,
2025-02-07 10:13:00,129.4501,129.35266579669067,129.07746016704684,1,,
2025-02-07 10:14:00,129.3782,129.35730837911055,129.0968627369148,1,,
2025-02-07 10:15:00,129.38,129.36143412836316,129.11512965711387,1,,
2025-02-07 10:16:00,129.2716,129.34510065047894,129.12522451794524,1,,
2025-02-07 10:17:00,129.355,129.34690053221004,129.14004874259396,1,,
2025-02-07 10:18:00,129.355,129.3483731627173,129.15391656565242,1,,
2025-02-07 10:19:00,129.4099,129.35955986040506,129.17043162593293,1,,
2025-02-07 10:20:00,129.3299,129.3541671585132,129.1807199081308,1,,
2025-02-07 10:21:00,129.22,129.32977312969263,129.18325410760625,1,,
2025-02-07 10:22:00,129.2652,129.3180325606576,129.18854093937358,1,,
2025-02-07 10:23:00,129.2483,129.3053539132653,129.1923963626398,1,,
2025-02-07 10:24:00,129.32,129.30801683812615,129.20062885537274,1,,
2025-02-07 10:25:00,129.29,129.30474104937593,129.20639473567127,1,,
2025-02-07 10:26:00,129.32,129.30751540403483,129.21372410756345,1,,
2025-02-07 10:27:00,129.285,129.3034216942103,129.21832255223677,1,,
2025-02-07 10:28:00,129.317,129.30589047708116,129.22468883918924,1,,
2025-02-07 10:29:00,129.255,129.2966376630664,129.22664439795122,1,,
2025-02-07 10:30:00,129.27,129.29179445159977,129.22944153356727,1,,
2025-02-07 10:31:00,129.325,129.29783182403617,129.23560659591777,1,,
2025-02-07 10:32:00,129.28,129.2945896742114,129.23847068650372,1,,
2025-02-07 10:33:00,129.2025,129.27784609708206,129.23614999705188,1,,
2025-02-07 10:34:00,129.2301,129.26916498852168,129.23575967466144,1,,
2025-02-07 10:35:00,129.205,129.25749862697228,129.23377517952198,1,,
2025-02-07 10:36:00,129.1,129.22886251297732,129.22514452277863,1,,
2025-02-07 10:37:00,129.1,129.20543296516325,129.21707068259937,-1,,129.1
2025-02-07 10:38:00,129.1687,129.19875424422446,129.2139499933994,-1,,
2025-02-07 10:39:00,129.2099,129.20078074527456,129.21368870350267,-1,,
2025-02-07 10:40:00,129.07,129.1770024279519,129.20441846456703,-1,,
2025-02-07 10:41:00,129.022,129.14882016832425,129.19264953136917,-1,,
2025-02-07 10:42:00,128.837,129.0921255922653,129.1697044003131,-1,,
2025-02-07 10:43:00,128.595,129.00173912094434,129.13262669706708,-1,,
2025-02-07 10:44:00,128.78,128.96142291713628,129.1098765875789,-1,,
2025-02-07 10:45:00,128.53,128.88298238674784,129.07246519483186,-1,,
2025-02-07 10:46:00,128.495,128.81244013461188,129.03520937581047,-1,,
2025-02-07 10:47:00,128.585,128.77108738286427,129.00616360962914,-1,,
2025-02-07 10:48:00,128.305,128.68634422234348,128.9609272477176,-1,,
2025-02-07 10:49:00,128.35,128.62519072737192,128.92151258657452,-1,,
2025-02-07 10:50:00,128.43,128.58970150421337,128.88980209711812,-1,,
2025-02-07 10:51:00,128.4499,128.56428304890184,128.8614213166589,-1,,
2025-02-07 10:52:00,128.45,128.54350431273787,128.83487800590672,-1,,
2025-02-07 10:53:00,128.42,128.52104898314917,128.808111682945,-1,,
2025-02-07 10:54:00,128.51,128.51904007712204,128.7888786711421,-1,,
2025-02-07 10:55:00,128.53,128.52103279037257,128.772176821391,-1,,
2025-02-07 10:56:00,128.435,128.50539046485028,128.75042347807548,-1,,
2025-02-07 10:57:00,128.4401,128.49351947124111,128.73040260852224,-1,,
2025-02-07 10:58:00,128.445,128.48469774919727,128.71198953700468,-1,,
2025-02-07 10:59:00,128.39,128.46747997661592,128.69121601848826,-1,,
2025-02-07 11:00:00,128.3413,128.44453816268575,128.66864079148903,-1,,
2025-02-07 11:01:00,128.475,128.45007667856106,128.65614783719943,-1,,
2025-02-07 11:02:00,128.475,128.45460819154994,128.64446087996077,-1,,
2025-02-07 11:03:00,128.51,128.46467942944994,128.63578598447944,-1,,
2025-02-07 11:04:00,128.445,128.46110135136811,128.62347721128722,-1,,
2025-02-07 11:05:00,128.4101,128.4518283783921,128.60971093959128,-1,,
2025-02-07 11:06:00,128.3,128.42422321868443,128.5897295886499,-1,,
2025-02-07 11:07:00,128.255,128.3934553607418,128.56813413131766,-1,,
2025-02-07 11:08:00,128.33,128.3819180224251,128.55277063897458,-1,,
2025-02-07 11:09:00,128.35,128.37611474562053,128.53968866226654,-1,,
2025-02-07 11:10:00,128.1403,128.3332393373259,128.51392165179774,-1,,
2025-02-07 11:11:00,127.965,128.26628673053938,128.47850735168177,-1,,
2025-02-07 11:12:00,127.9547,128.20963459771403,128.44471332899263,-1,,
2025-02-07 11:13:00,128.07,128.18424648903874,128.42053827550924,-1,,
2025-02-07 11:14:00,128.0401,128.15803803648623,128.39599387063768,-1,,
2025-02-07 11:15:00,128.105,128.1483947571251,128.37722007253203,-1,,
2025-02-07 11:16:00,128.1299,128.14503207401143,128.3612639388203,-1,,
2025-02-07 11:17:00,128.235,128.16138987873663,128.35311787825125,-1,,
2025-02-07 11:18:00,128.135,128.15659171896633,128.33904575707376,-1,,
2025-02-07 11:19:00,128.1899,128.16264777006336,128.3294234501658,-1,,
2025-02-07 11:20:00,128.245,128.1776209027791,128.32397677596154,-1,,
2025-02-07 11:21:00,128.17,128.17623528409197,128.31404279041564,-1,,
2025-02-07 11:22:00,128.2399,128.18781068698434,128.3092593845824,-1,,
2025-02-07 11:23:00,128.32,128.21184510753264,128.30995232751255,-1,,
2025-02-07 11:24:00,128.3967,128.24545508798124,128.315548951544,-1,,
2025-02-07 11:25:00,128.46,128.2844632538028,128.32486837402504,-1,,
2025-02-07 11:26:00,128.32,128.29092448038412,128.32455428537827,-1,,
2025-02-07 11:27:00,128.235,128.28075639304154,128.3187765895474,-1,,
2025-02-07 11:28:00,128.2344,128.27232795794308,128.31333293860888,-1,,
2025-02-07 11:29:00,128.13,128.24645014740796,128.30150500708575,-1,,
2025-02-07 11:30:00,128.0533,128.2113319387883,128.28549178082216,-1,,
2025-02-07 11:31:00,128.1197,128.19467158628132,128.27479553689815,-1,,
2025-02-07 11:32:00,128.1693,128.1900585705938,128.2679893732273,-1,,
2025-02-07 11:33:00,128.1697,128.18635701230403,128.26164812334167,-1,,
2025-02-07 11:34:00,128.3201,128.21067391915784,128.26541921215835,-1,,
2025-02-07 11:35:00,128.23,128.21418775203824,128.26313410169652,-1,,
2025-02-07 11:36:00,128.2301,128.2170808880313,128.26100286932902,-1,,
2025-02-07 11:37:00,128.34,128.23942981748013,128.26609945840457,-1,,
2025-02-07 11:38:00,128.5001,128.2868243961201,128.28119626753977,1,128.5001,
2025-02-07 11:39:00,128.5074,128.32692905137097,128.29579005673077,1,,
2025-02-07 11:40:00,128.47,128.3529419511217,128.30702940790943,1,,
2025-02-07 11:41:00,128.4,128.36149796000865,128.31302751062495,1,,
2025-02-07 11:42:00,128.4984,128.38638924000708,128.3249870260685,1,,
2025-02-07 11:43:00,128.4901,128.40524574182396,128.33563947599959,1,,
2025-02-07 11:44:00,128.51,128.42429197058323,128.34688854206414,1,,
2025-02-07 11:45:00,128.5,128.43805706684083,128.35676670064066,1,,
2025-02-07 11:46:00,128.3799,128.42748305468794,128.35825917156708,1,,
2025-02-07 11:47:00,128.4927,128.43934068110832,128.3669327734015,1,,
2025-02-07 11:48:00,128.61,128.4703696481795,128.38261452995624,1,,
2025-02-07 11:49:00,128.6052,128.49488425760143,128.39697488286228,1,,
2025-02-07 11:50:00,128.625,128.51854166531024,128.41168618074215,1,,
2025-02-07 11:51:00,128.6901,128.54973408979927,128.42964836262976,1,,
2025-02-07 11:52:00,128.6848,128.57429152801757,128.44610975858913,1,,
2025-02-07 11:53:00,128.595,128.57805670474164,128.45571558061565,1,,
2025-02-07 11:54:00,128.63,128.58750094024316,128.46695973670498,1,,
2025-02-07 11:55:00,128.6515,128.59913713292622,128.47886556014336,1,,
2025-02-07 11:56:00,128.63,128.60474856330325,128.4886161691664,1,,
2025-02-07 11:57:00,128.655,128.6138851881572,128.49935060986533,1,,
2025-02-07 11:58:00,128.6305,128.6169060630377,128.50781186084177,1,,
2025-02-07 11:59:00,128.6399,128.62108677884902,128.51633367627133,1,,
2025-02-07 12:00:00,128.545,128.6072528190583,128.5181831165119,1,,
2025-02-07 12:01:00,128.405,128.5704795792295,128.51088097996276,1,,
2025-02-07 12:02:00,128.375,128.53493783755138,128.50211446512648,1,,
2025-02-07 12:03:00,128.33,128.49767641254203,128.49101030608605,1,,
2025-02-07 12:04:00,128.4,128.47991706480713,128.48513867343536,-1,,128.4
2025-02-07 12:05:00,128.425,128.4699321439331,128.4812587590202,-1,,
2025-02-07 12:06:00,128.5965,128.4929444813998,128.4886936777931,1,128.5965,
2025-02-07 12:07:00,128.475,128.489681848418,128.48781021470967,1,,
2025-02-07 12:08:00,128.425,128.477921512342,128.48375794279292,-1,,128.425
2025-02-07 12:09:00,128.435,128.47011760100708,128.48061226906435,-1,,
2025-02-07 12:10:00,128.445,128.46555076446032,128.47831470331826,-1,,
2025-02-07 12:11:00,128.3028,128.4359597163766,128.46699117407192,-1,,
2025-02-07 12:12:00,128.355,128.42123976794448,128.45976593703503,-1,,
2025-02-07 12:13:00,128.34,128.40646890104549,128.4520391023876,-1,,
2025-02-07 12:14:00,128.445,128.41347455540085,128.4515849667497,-1,,
2025-02-07 12:15:00,128.4793,128.42544281805525,128.45337303341103,-1,,
2025-02-07 12:16:00,128.465,128.43263503295427,128.45412316028774,-1,,
2025-02-07 12:17:00,128.48,128.44124684514438,128.45579263381757,-1,,
2025-02-07 12:18:00,128.61,128.4719292369363,128.46574149615194,1,128.61,
2025-02-07 12:19:00,128.7148,128.51608755749334,128.48180978672278,1,,
2025-02-07 12:20:00,128.6923,128.54812618340364,128.4953898004826,1,,
2025-02-07 12:21:00,128.72,128.57937596823933,128.50988078109663,1,,
2025-02-07 12:22:00,128.78,128.61585306492307,128.5273078274775,1,,
